Edu,Age,NS-SeC,Econ,Observation
No_edu,16_24,L1_L3,student,14
No_edu,16_24,L1_L3,unemployed,348
No_edu,16_24,L1_L3,employed,1839
No_edu,16_24,L1_L3,retired,5
No_edu,16_24,L4_L6,student,65
No_edu,16_24,L4_L6,unemployed,1566
No_edu,16_24,L4_L6,employed,6696
No_edu,16_24,L4_L6,retired,13
No_edu,16_24,L7,student,68
No_edu,16_24,L7,unemployed,2450
No_edu,16_24,L7,employed,8407
No_edu,16_24,L7,retired,17
No_edu,16_24,L8_L9,student,74
No_edu,16_24,L8_L9,unemployed,3780
No_edu,16_24,L8_L9,employed,15222
No_edu,16_24,L8_L9,retired,52
No_edu,16_24,L10_L11,student,63
No_edu,16_24,L10_L11,unemployed,2278
No_edu,16_24,L10_L11,employed,8409
No_edu,16_24,L10_L11,retired,17
No_edu,16_24,L12,student,201
No_edu,16_24,L12,unemployed,9868
No_edu,16_24,L12,employed,22199
No_edu,16_24,L12,retired,44
No_edu,16_24,L13,student,374
No_edu,16_24,L13,unemployed,19215
No_edu,16_24,L13,employed,41457
No_edu,16_24,L13,retired,111
No_edu,16_24,L14,student,4123
No_edu,16_24,L14,unemployed,115618
No_edu,16_24,L14,employed,0
No_edu,16_24,L14,retired,429
No_edu,25_34,L1_L3,student,68
No_edu,25_34,L1_L3,unemployed,1519
No_edu,25_34,L1_L3,employed,10013
No_edu,25_34,L1_L3,retired,10
No_edu,25_34,L4_L6,student,76
No_edu,25_34,L4_L6,unemployed,6560
No_edu,25_34,L4_L6,employed,30315
No_edu,25_34,L4_L6,retired,38
No_edu,25_34,L7,student,91
No_edu,25_34,L7,unemployed,7140
No_edu,25_34,L7,employed,22054
No_edu,25_34,L7,retired,52
No_edu,25_34,L8_L9,student,167
No_edu,25_34,L8_L9,unemployed,14570
No_edu,25_34,L8_L9,employed,63708
No_edu,25_34,L8_L9,retired,95
No_edu,25_34,L10_L11,student,87
No_edu,25_34,L10_L11,unemployed,7475
No_edu,25_34,L10_L11,employed,29212
No_edu,25_34,L10_L11,retired,44
No_edu,25_34,L12,student,193
No_edu,25_34,L12,unemployed,29240
No_edu,25_34,L12,employed,57692
No_edu,25_34,L12,retired,105
No_edu,25_34,L13,student,441
No_edu,25_34,L13,unemployed,48432
No_edu,25_34,L13,employed,113437
No_edu,25_34,L13,retired,235
No_edu,25_34,L14,student,2404
No_edu,25_34,L14,unemployed,204828
No_edu,25_34,L14,employed,0
No_edu,25_34,L14,retired,745
No_edu,35_49,L1_L3,student,38
No_edu,35_49,L1_L3,unemployed,3693
No_edu,35_49,L1_L3,employed,20355
No_edu,35_49,L1_L3,retired,66
No_edu,35_49,L4_L6,student,108
No_edu,35_49,L4_L6,unemployed,13066
No_edu,35_49,L4_L6,employed,55401
No_edu,35_49,L4_L6,retired,142
No_edu,35_49,L7,student,75
No_edu,35_49,L7,unemployed,12680
No_edu,35_49,L7,employed,38162
No_edu,35_49,L7,retired,186
No_edu,35_49,L8_L9,student,250
No_edu,35_49,L8_L9,unemployed,33785
No_edu,35_49,L8_L9,employed,146959
No_edu,35_49,L8_L9,retired,307
No_edu,35_49,L10_L11,student,107
No_edu,35_49,L10_L11,unemployed,16734
No_edu,35_49,L10_L11,employed,58898
No_edu,35_49,L10_L11,retired,168
No_edu,35_49,L12,student,209
No_edu,35_49,L12,unemployed,52819
No_edu,35_49,L12,employed,110272
No_edu,35_49,L12,retired,381
No_edu,35_49,L13,student,444
No_edu,35_49,L13,unemployed,94161
No_edu,35_49,L13,employed,216811
No_edu,35_49,L13,retired,639
No_edu,35_49,L14,student,2465
No_edu,35_49,L14,unemployed,327044
No_edu,35_49,L14,employed,0
No_edu,35_49,L14,retired,2170
No_edu,50_64,L1_L3,student,17
No_edu,50_64,L1_L3,unemployed,5857
No_edu,50_64,L1_L3,employed,26706
No_edu,50_64,L1_L3,retired,3495
No_edu,50_64,L4_L6,student,47
No_edu,50_64,L4_L6,unemployed,23809
No_edu,50_64,L4_L6,employed,74503
No_edu,50_64,L4_L6,retired,10670
No_edu,50_64,L7,student,31
No_edu,50_64,L7,unemployed,25309
No_edu,50_64,L7,employed,66290
No_edu,50_64,L7,retired,14039
No_edu,50_64,L8_L9,student,139
No_edu,50_64,L8_L9,unemployed,58114
No_edu,50_64,L8_L9,employed,190388
No_edu,50_64,L8_L9,retired,13790
No_edu,50_64,L10_L11,student,43
No_edu,50_64,L10_L11,unemployed,29261
No_edu,50_64,L10_L11,employed,70198
No_edu,50_64,L10_L11,retired,8894
No_edu,50_64,L12,student,105
No_edu,50_64,L12,unemployed,98086
No_edu,50_64,L12,employed,177768
No_edu,50_64,L12,retired,24414
No_edu,50_64,L13,student,213
No_edu,50_64,L13,unemployed,173000
No_edu,50_64,L13,employed,323917
No_edu,50_64,L13,retired,32608
No_edu,50_64,L14,student,698
No_edu,50_64,L14,unemployed,368885
No_edu,50_64,L14,employed,0
No_edu,50_64,L14,retired,36385
No_edu,65+,L1_L3,student,15
No_edu,65+,L1_L3,unemployed,2674
No_edu,65+,L1_L3,employed,8852
No_edu,65+,L1_L3,retired,70725
No_edu,65+,L4_L6,student,40
No_edu,65+,L4_L6,unemployed,10395
No_edu,65+,L4_L6,employed,21665
No_edu,65+,L4_L6,retired,244085
No_edu,65+,L7,student,37
No_edu,65+,L7,unemployed,15159
No_edu,65+,L7,employed,23328
No_edu,65+,L7,retired,367935
No_edu,65+,L8_L9,student,42
No_edu,65+,L8_L9,unemployed,17978
No_edu,65+,L8_L9,employed,68251
No_edu,65+,L8_L9,retired,294667
No_edu,65+,L10_L11,student,17
No_edu,65+,L10_L11,unemployed,8431
No_edu,65+,L10_L11,employed,12696
No_edu,65+,L10_L11,retired,193775
No_edu,65+,L12,student,42
No_edu,65+,L12,unemployed,32776
No_edu,65+,L12,employed,47833
No_edu,65+,L12,retired,624866
No_edu,65+,L13,student,45
No_edu,65+,L13,unemployed,47204
No_edu,65+,L13,employed,70272
No_edu,65+,L13,retired,786372
No_edu,65+,L14,student,168
No_edu,65+,L14,unemployed,122940
No_edu,65+,L14,employed,0
No_edu,65+,L14,retired,807348
Level_1,16_24,L1_L3,student,28
Level_1,16_24,L1_L3,unemployed,519
Level_1,16_24,L1_L3,employed,3054
Level_1,16_24,L1_L3,retired,1
Level_1,16_24,L4_L6,student,100
Level_1,16_24,L4_L6,unemployed,2325
Level_1,16_24,L4_L6,employed,13015
Level_1,16_24,L4_L6,retired,8
Level_1,16_24,L7,student,158
Level_1,16_24,L7,unemployed,4727
Level_1,16_24,L7,employed,19725
Level_1,16_24,L7,retired,6
Level_1,16_24,L8_L9,student,131
Level_1,16_24,L8_L9,unemployed,3487
Level_1,16_24,L8_L9,employed,18155
Level_1,16_24,L8_L9,retired,5
Level_1,16_24,L10_L11,student,103
Level_1,16_24,L10_L11,unemployed,3180
Level_1,16_24,L10_L11,employed,15552
Level_1,16_24,L10_L11,retired,8
Level_1,16_24,L12,student,419
Level_1,16_24,L12,unemployed,16951
Level_1,16_24,L12,employed,46933
Level_1,16_24,L12,retired,17
Level_1,16_24,L13,student,741
Level_1,16_24,L13,unemployed,26997
Level_1,16_24,L13,employed,59209
Level_1,16_24,L13,retired,36
Level_1,16_24,L14,student,3949
Level_1,16_24,L14,unemployed,86829
Level_1,16_24,L14,employed,0
Level_1,16_24,L14,retired,57
Level_1,25_34,L1_L3,student,32
Level_1,25_34,L1_L3,unemployed,1324
Level_1,25_34,L1_L3,employed,12595
Level_1,25_34,L1_L3,retired,11
Level_1,25_34,L4_L6,student,154
Level_1,25_34,L4_L6,unemployed,6798
Level_1,25_34,L4_L6,employed,42792
Level_1,25_34,L4_L6,retired,23
Level_1,25_34,L7,student,184
Level_1,25_34,L7,unemployed,9285
Level_1,25_34,L7,employed,36602
Level_1,25_34,L7,retired,22
Level_1,25_34,L8_L9,student,160
Level_1,25_34,L8_L9,unemployed,8172
Level_1,25_34,L8_L9,employed,52122
Level_1,25_34,L8_L9,retired,20
Level_1,25_34,L10_L11,student,120
Level_1,25_34,L10_L11,unemployed,6028
Level_1,25_34,L10_L11,employed,30628
Level_1,25_34,L10_L11,retired,7
Level_1,25_34,L12,student,429
Level_1,25_34,L12,unemployed,32347
Level_1,25_34,L12,employed,71460
Level_1,25_34,L12,retired,32
Level_1,25_34,L13,student,588
Level_1,25_34,L13,unemployed,38673
Level_1,25_34,L13,employed,94139
Level_1,25_34,L13,retired,44
Level_1,25_34,L14,student,1618
Level_1,25_34,L14,unemployed,90573
Level_1,25_34,L14,employed,0
Level_1,25_34,L14,retired,106
Level_1,35_49,L1_L3,student,62
Level_1,35_49,L1_L3,unemployed,3955
Level_1,35_49,L1_L3,employed,44921
Level_1,35_49,L1_L3,retired,105
Level_1,35_49,L4_L6,student,195
Level_1,35_49,L4_L6,unemployed,15430
Level_1,35_49,L4_L6,employed,105714
Level_1,35_49,L4_L6,retired,251
Level_1,35_49,L7,student,291
Level_1,35_49,L7,unemployed,19941
Level_1,35_49,L7,employed,88022
Level_1,35_49,L7,retired,307
Level_1,35_49,L8_L9,student,220
Level_1,35_49,L8_L9,unemployed,18279
Level_1,35_49,L8_L9,employed,118166
Level_1,35_49,L8_L9,retired,143
Level_1,35_49,L10_L11,student,88
Level_1,35_49,L10_L11,unemployed,11014
Level_1,35_49,L10_L11,employed,57876
Level_1,35_49,L10_L11,retired,79
Level_1,35_49,L12,student,415
Level_1,35_49,L12,unemployed,46857
Level_1,35_49,L12,employed,119113
Level_1,35_49,L12,retired,222
Level_1,35_49,L13,student,600
Level_1,35_49,L13,unemployed,57780
Level_1,35_49,L13,employed,170073
Level_1,35_49,L13,retired,272
Level_1,35_49,L14,student,1700
Level_1,35_49,L14,unemployed,102453
Level_1,35_49,L14,employed,0
Level_1,35_49,L14,retired,363
Level_1,50_64,L1_L3,student,52
Level_1,50_64,L1_L3,unemployed,6797
Level_1,50_64,L1_L3,employed,61921
Level_1,50_64,L1_L3,retired,8927
Level_1,50_64,L4_L6,student,107
Level_1,50_64,L4_L6,unemployed,26482
Level_1,50_64,L4_L6,employed,146306
Level_1,50_64,L4_L6,retired,22283
Level_1,50_64,L7,student,122
Level_1,50_64,L7,unemployed,40135
Level_1,50_64,L7,employed,162906
Level_1,50_64,L7,retired,32575
Level_1,50_64,L8_L9,student,129
Level_1,50_64,L8_L9,unemployed,28538
Level_1,50_64,L8_L9,employed,153429
Level_1,50_64,L8_L9,retired,9593
Level_1,50_64,L10_L11,student,31
Level_1,50_64,L10_L11,unemployed,15462
Level_1,50_64,L10_L11,employed,61853
Level_1,50_64,L10_L11,retired,6411
Level_1,50_64,L12,student,197
Level_1,50_64,L12,unemployed,65728
Level_1,50_64,L12,employed,173998
Level_1,50_64,L12,retired,21207
Level_1,50_64,L13,student,184
Level_1,50_64,L13,unemployed,73970
Level_1,50_64,L13,employed,211624
Level_1,50_64,L13,retired,16573
Level_1,50_64,L14,student,359
Level_1,50_64,L14,unemployed,79120
Level_1,50_64,L14,employed,0
Level_1,50_64,L14,retired,9136
Level_1,65+,L1_L3,student,7
Level_1,65+,L1_L3,unemployed,1002
Level_1,65+,L1_L3,employed,6499
Level_1,65+,L1_L3,retired,44331
Level_1,65+,L4_L6,student,20
Level_1,65+,L4_L6,unemployed,4257
Level_1,65+,L4_L6,employed,14553
Level_1,65+,L4_L6,retired,130282
Level_1,65+,L7,student,16
Level_1,65+,L7,unemployed,7178
Level_1,65+,L7,employed,18084
Level_1,65+,L7,retired,197314
Level_1,65+,L8_L9,student,19
Level_1,65+,L8_L9,unemployed,4234
Level_1,65+,L8_L9,employed,24726
Level_1,65+,L8_L9,retired,68619
Level_1,65+,L10_L11,student,2
Level_1,65+,L10_L11,unemployed,1541
Level_1,65+,L10_L11,employed,4023
Level_1,65+,L10_L11,retired,36023
Level_1,65+,L12,student,27
Level_1,65+,L12,unemployed,7013
Level_1,65+,L12,employed,17717
Level_1,65+,L12,retired,134811
Level_1,65+,L13,student,16
Level_1,65+,L13,unemployed,6236
Level_1,65+,L13,employed,17626
Level_1,65+,L13,retired,99736
Level_1,65+,L14,student,21
Level_1,65+,L14,unemployed,9702
Level_1,65+,L14,employed,0
Level_1,65+,L14,retired,79048
Level_2,16_24,L1_L3,student,63
Level_2,16_24,L1_L3,unemployed,946
Level_2,16_24,L1_L3,employed,11128
Level_2,16_24,L1_L3,retired,4
Level_2,16_24,L4_L6,student,243
Level_2,16_24,L4_L6,unemployed,4991
Level_2,16_24,L4_L6,employed,41528
Level_2,16_24,L4_L6,retired,13
Level_2,16_24,L7,student,331
Level_2,16_24,L7,unemployed,8435
Level_2,16_24,L7,employed,59264
Level_2,16_24,L7,retired,13
Level_2,16_24,L8_L9,student,152
Level_2,16_24,L8_L9,unemployed,3827
Level_2,16_24,L8_L9,employed,26573
Level_2,16_24,L8_L9,retired,10
Level_2,16_24,L10_L11,student,247
Level_2,16_24,L10_L11,unemployed,4319
Level_2,16_24,L10_L11,employed,34662
Level_2,16_24,L10_L11,retired,7
Level_2,16_24,L12,student,1025
Level_2,16_24,L12,unemployed,23983
Level_2,16_24,L12,employed,88842
Level_2,16_24,L12,retired,13
Level_2,16_24,L13,student,1315
Level_2,16_24,L13,unemployed,29294
Level_2,16_24,L13,employed,82118
Level_2,16_24,L13,retired,28
Level_2,16_24,L14,student,3973
Level_2,16_24,L14,unemployed,72990
Level_2,16_24,L14,employed,0
Level_2,16_24,L14,retired,77
Level_2,25_34,L1_L3,student,96
Level_2,25_34,L1_L3,unemployed,3087
Level_2,25_34,L1_L3,employed,46363
Level_2,25_34,L1_L3,retired,8
Level_2,25_34,L4_L6,student,416
Level_2,25_34,L4_L6,unemployed,14071
Level_2,25_34,L4_L6,employed,124521
Level_2,25_34,L4_L6,retired,31
Level_2,25_34,L7,student,449
Level_2,25_34,L7,unemployed,18908
Level_2,25_34,L7,employed,103950
Level_2,25_34,L7,retired,34
Level_2,25_34,L8_L9,student,244
Level_2,25_34,L8_L9,unemployed,10623
Level_2,25_34,L8_L9,employed,83088
Level_2,25_34,L8_L9,retired,15
Level_2,25_34,L10_L11,student,189
Level_2,25_34,L10_L11,unemployed,8764
Level_2,25_34,L10_L11,employed,55261
Level_2,25_34,L10_L11,retired,10
Level_2,25_34,L12,student,971
Level_2,25_34,L12,unemployed,42700
Level_2,25_34,L12,employed,118646
Level_2,25_34,L12,retired,46
Level_2,25_34,L13,student,740
Level_2,25_34,L13,unemployed,37430
Level_2,25_34,L13,employed,107273
Level_2,25_34,L13,retired,43
Level_2,25_34,L14,student,942
Level_2,25_34,L14,unemployed,63536
Level_2,25_34,L14,employed,0
Level_2,25_34,L14,retired,98
Level_2,35_49,L1_L3,student,136
Level_2,35_49,L1_L3,unemployed,7923
Level_2,35_49,L1_L3,employed,112109
Level_2,35_49,L1_L3,retired,187
Level_2,35_49,L4_L6,student,387
Level_2,35_49,L4_L6,unemployed,26739
Level_2,35_49,L4_L6,employed,219637
Level_2,35_49,L4_L6,retired,503
Level_2,35_49,L7,student,516
Level_2,35_49,L7,unemployed,34927
Level_2,35_49,L7,employed,186433
Level_2,35_49,L7,retired,514
Level_2,35_49,L8_L9,student,368
Level_2,35_49,L8_L9,unemployed,22185
Level_2,35_49,L8_L9,employed,160462
Level_2,35_49,L8_L9,retired,183
Level_2,35_49,L10_L11,student,157
Level_2,35_49,L10_L11,unemployed,13377
Level_2,35_49,L10_L11,employed,79634
Level_2,35_49,L10_L11,retired,121
Level_2,35_49,L12,student,722
Level_2,35_49,L12,unemployed,53515
Level_2,35_49,L12,employed,162420
Level_2,35_49,L12,retired,235
Level_2,35_49,L13,student,617
Level_2,35_49,L13,unemployed,47596
Level_2,35_49,L13,employed,153865
Level_2,35_49,L13,retired,238
Level_2,35_49,L14,student,775
Level_2,35_49,L14,unemployed,71004
Level_2,35_49,L14,employed,0
Level_2,35_49,L14,retired,312
Level_2,50_64,L1_L3,student,104
Level_2,50_64,L1_L3,unemployed,10704
Level_2,50_64,L1_L3,employed,107158
Level_2,50_64,L1_L3,retired,16809
Level_2,50_64,L4_L6,student,226
Level_2,50_64,L4_L6,unemployed,34550
Level_2,50_64,L4_L6,employed,218853
Level_2,50_64,L4_L6,retired,34603
Level_2,50_64,L7,student,243
Level_2,50_64,L7,unemployed,47741
Level_2,50_64,L7,employed,225377
Level_2,50_64,L7,retired,41538
Level_2,50_64,L8_L9,student,205
Level_2,50_64,L8_L9,unemployed,28599
Level_2,50_64,L8_L9,employed,168055
Level_2,50_64,L8_L9,retired,10845
Level_2,50_64,L10_L11,student,68
Level_2,50_64,L10_L11,unemployed,15090
Level_2,50_64,L10_L11,employed,69166
Level_2,50_64,L10_L11,retired,6608
Level_2,50_64,L12,student,233
Level_2,50_64,L12,unemployed,61029
Level_2,50_64,L12,employed,196942
Level_2,50_64,L12,retired,21231
Level_2,50_64,L13,student,196
Level_2,50_64,L13,unemployed,48671
Level_2,50_64,L13,employed,157641
Level_2,50_64,L13,retired,11860
Level_2,50_64,L14,student,165
Level_2,50_64,L14,unemployed,55319
Level_2,50_64,L14,employed,0
Level_2,50_64,L14,retired,8207
Level_2,65+,L1_L3,student,13
Level_2,65+,L1_L3,unemployed,1450
Level_2,65+,L1_L3,employed,9513
Level_2,65+,L1_L3,retired,64001
Level_2,65+,L4_L6,student,42
Level_2,65+,L4_L6,unemployed,5137
Level_2,65+,L4_L6,employed,17823
Level_2,65+,L4_L6,retired,157385
Level_2,65+,L7,student,24
Level_2,65+,L7,unemployed,7263
Level_2,65+,L7,employed,19002
Level_2,65+,L7,retired,185035
Level_2,65+,L8_L9,student,31
Level_2,65+,L8_L9,unemployed,4224
Level_2,65+,L8_L9,employed,27965
Level_2,65+,L8_L9,retired,64971
Level_2,65+,L10_L11,student,6
Level_2,65+,L10_L11,unemployed,1277
Level_2,65+,L10_L11,employed,4151
Level_2,65+,L10_L11,retired,28920
Level_2,65+,L12,student,16
Level_2,65+,L12,unemployed,5514
Level_2,65+,L12,employed,19301
Level_2,65+,L12,retired,102108
Level_2,65+,L13,student,20
Level_2,65+,L13,unemployed,3454
Level_2,65+,L13,employed,13320
Level_2,65+,L13,retired,52161
Level_2,65+,L14,student,28
Level_2,65+,L14,unemployed,5718
Level_2,65+,L14,employed,0
Level_2,65+,L14,retired,52275
Level_3,16_24,L1_L3,student,174
Level_3,16_24,L1_L3,unemployed,1699
Level_3,16_24,L1_L3,employed,43591
Level_3,16_24,L1_L3,retired,7
Level_3,16_24,L4_L6,student,577
Level_3,16_24,L4_L6,unemployed,8271
Level_3,16_24,L4_L6,employed,119993
Level_3,16_24,L4_L6,retired,20
Level_3,16_24,L7,student,857
Level_3,16_24,L7,unemployed,11894
Level_3,16_24,L7,employed,152144
Level_3,16_24,L7,retired,20
Level_3,16_24,L8_L9,student,369
Level_3,16_24,L8_L9,unemployed,4552
Level_3,16_24,L8_L9,employed,38208
Level_3,16_24,L8_L9,retired,7
Level_3,16_24,L10_L11,student,276
Level_3,16_24,L10_L11,unemployed,4763
Level_3,16_24,L10_L11,employed,63561
Level_3,16_24,L10_L11,retired,6
Level_3,16_24,L12,student,1971
Level_3,16_24,L12,unemployed,25228
Level_3,16_24,L12,employed,141958
Level_3,16_24,L12,retired,41
Level_3,16_24,L13,student,2218
Level_3,16_24,L13,unemployed,26949
Level_3,16_24,L13,employed,102640
Level_3,16_24,L13,retired,32
Level_3,16_24,L14,student,4496
Level_3,16_24,L14,unemployed,59396
Level_3,16_24,L14,employed,0
Level_3,16_24,L14,retired,84
Level_3,25_34,L1_L3,student,214
Level_3,25_34,L1_L3,unemployed,5424
Level_3,25_34,L1_L3,employed,128353
Level_3,25_34,L1_L3,retired,23
Level_3,25_34,L4_L6,student,792
Level_3,25_34,L4_L6,unemployed,23346
Level_3,25_34,L4_L6,employed,304955
Level_3,25_34,L4_L6,retired,64
Level_3,25_34,L7,student,905
Level_3,25_34,L7,unemployed,28800
Level_3,25_34,L7,employed,245365
Level_3,25_34,L7,retired,62
Level_3,25_34,L8_L9,student,444
Level_3,25_34,L8_L9,unemployed,14456
Level_3,25_34,L8_L9,employed,142533
Level_3,25_34,L8_L9,retired,23
Level_3,25_34,L10_L11,student,301
Level_3,25_34,L10_L11,unemployed,11254
Level_3,25_34,L10_L11,employed,132681
Level_3,25_34,L10_L11,retired,20
Level_3,25_34,L12,student,1269
Level_3,25_34,L12,unemployed,38625
Level_3,25_34,L12,employed,164334
Level_3,25_34,L12,retired,47
Level_3,25_34,L13,student,906
Level_3,25_34,L13,unemployed,29048
Level_3,25_34,L13,employed,118185
Level_3,25_34,L13,retired,42
Level_3,25_34,L14,student,936
Level_3,25_34,L14,unemployed,48637
Level_3,25_34,L14,employed,0
Level_3,25_34,L14,retired,52
Level_3,35_49,L1_L3,student,286
Level_3,35_49,L1_L3,unemployed,12150
Level_3,35_49,L1_L3,employed,221770
Level_3,35_49,L1_L3,retired,321
Level_3,35_49,L4_L6,student,895
Level_3,35_49,L4_L6,unemployed,36745
Level_3,35_49,L4_L6,employed,403098
Level_3,35_49,L4_L6,retired,769
Level_3,35_49,L7,student,836
Level_3,35_49,L7,unemployed,40530
Level_3,35_49,L7,employed,294676
Level_3,35_49,L7,retired,648
Level_3,35_49,L8_L9,student,683
Level_3,35_49,L8_L9,unemployed,26712
Level_3,35_49,L8_L9,employed,248233
Level_3,35_49,L8_L9,retired,242
Level_3,35_49,L10_L11,student,277
Level_3,35_49,L10_L11,unemployed,15621
Level_3,35_49,L10_L11,employed,148599
Level_3,35_49,L10_L11,retired,171
Level_3,35_49,L12,student,752
Level_3,35_49,L12,unemployed,40641
Level_3,35_49,L12,employed,169613
Level_3,35_49,L12,retired,232
Level_3,35_49,L13,student,592
Level_3,35_49,L13,unemployed,29987
Level_3,35_49,L13,employed,125428
Level_3,35_49,L13,retired,174
Level_3,35_49,L14,student,587
Level_3,35_49,L14,unemployed,50240
Level_3,35_49,L14,employed,0
Level_3,35_49,L14,retired,266
Level_3,50_64,L1_L3,student,193
Level_3,50_64,L1_L3,unemployed,13557
Level_3,50_64,L1_L3,employed,162049
Level_3,50_64,L1_L3,retired,26430
Level_3,50_64,L4_L6,student,459
Level_3,50_64,L4_L6,unemployed,37053
Level_3,50_64,L4_L6,employed,293373
Level_3,50_64,L4_L6,retired,43054
Level_3,50_64,L7,student,338
Level_3,50_64,L7,unemployed,37037
Level_3,50_64,L7,employed,229669
Level_3,50_64,L7,retired,35735
Level_3,50_64,L8_L9,student,395
Level_3,50_64,L8_L9,unemployed,31056
Level_3,50_64,L8_L9,employed,219212
Level_3,50_64,L8_L9,retired,12963
Level_3,50_64,L10_L11,student,88
Level_3,50_64,L10_L11,unemployed,16464
Level_3,50_64,L10_L11,employed,109872
Level_3,50_64,L10_L11,retired,12208
Level_3,50_64,L12,student,311
Level_3,50_64,L12,unemployed,37547
Level_3,50_64,L12,employed,159370
Level_3,50_64,L12,retired,14959
Level_3,50_64,L13,student,181
Level_3,50_64,L13,unemployed,27078
Level_3,50_64,L13,employed,105933
Level_3,50_64,L13,retired,9035
Level_3,50_64,L14,student,192
Level_3,50_64,L14,unemployed,41462
Level_3,50_64,L14,employed,0
Level_3,50_64,L14,retired,7852
Level_3,65+,L1_L3,student,20
Level_3,65+,L1_L3,unemployed,1868
Level_3,65+,L1_L3,employed,15494
Level_3,65+,L1_L3,retired,89772
Level_3,65+,L4_L6,student,70
Level_3,65+,L4_L6,unemployed,5157
Level_3,65+,L4_L6,employed,25624
Level_3,65+,L4_L6,retired,167103
Level_3,65+,L7,student,25
Level_3,65+,L7,unemployed,4412
Level_3,65+,L7,employed,17452
Level_3,65+,L7,retired,109961
Level_3,65+,L8_L9,student,56
Level_3,65+,L8_L9,unemployed,4740
Level_3,65+,L8_L9,employed,38399
Level_3,65+,L8_L9,retired,80522
Level_3,65+,L10_L11,student,13
Level_3,65+,L10_L11,unemployed,1933
Level_3,65+,L10_L11,employed,9100
Level_3,65+,L10_L11,retired,57682
Level_3,65+,L12,student,32
Level_3,65+,L12,unemployed,3746
Level_3,65+,L12,employed,17829
Level_3,65+,L12,retired,66506
Level_3,65+,L13,student,22
Level_3,65+,L13,unemployed,2518
Level_3,65+,L13,employed,12871
Level_3,65+,L13,retired,45580
Level_3,65+,L14,student,40
Level_3,65+,L14,unemployed,5157
Level_3,65+,L14,employed,0
Level_3,65+,L14,retired,53444
Level_4,16_24,L1_L3,student,408
Level_4,16_24,L1_L3,unemployed,3952
Level_4,16_24,L1_L3,employed,130575
Level_4,16_24,L1_L3,retired,17
Level_4,16_24,L4_L6,student,867
Level_4,16_24,L4_L6,unemployed,10918
Level_4,16_24,L4_L6,employed,215511
Level_4,16_24,L4_L6,retired,39
Level_4,16_24,L7,student,671
Level_4,16_24,L7,unemployed,9662
Level_4,16_24,L7,employed,121688
Level_4,16_24,L7,retired,13
Level_4,16_24,L8_L9,student,258
Level_4,16_24,L8_L9,unemployed,3723
Level_4,16_24,L8_L9,employed,27499
Level_4,16_24,L8_L9,retired,14
Level_4,16_24,L10_L11,student,181
Level_4,16_24,L10_L11,unemployed,3220
Level_4,16_24,L10_L11,employed,28321
Level_4,16_24,L10_L11,retired,14
Level_4,16_24,L12,student,1170
Level_4,16_24,L12,unemployed,18325
Level_4,16_24,L12,employed,91797
Level_4,16_24,L12,retired,16
Level_4,16_24,L13,student,1188
Level_4,16_24,L13,unemployed,18734
Level_4,16_24,L13,employed,61680
Level_4,16_24,L13,retired,25
Level_4,16_24,L14,student,2606
Level_4,16_24,L14,unemployed,54024
Level_4,16_24,L14,employed,0
Level_4,16_24,L14,retired,64
Level_4,25_34,L1_L3,student,1864
Level_4,25_34,L1_L3,unemployed,29531
Level_4,25_34,L1_L3,employed,960943
Level_4,25_34,L1_L3,retired,102
Level_4,25_34,L4_L6,student,2511
Level_4,25_34,L4_L6,unemployed,58659
Level_4,25_34,L4_L6,employed,1210848
Level_4,25_34,L4_L6,retired,154
Level_4,25_34,L7,student,1608
Level_4,25_34,L7,unemployed,37002
Level_4,25_34,L7,employed,359756
Level_4,25_34,L7,retired,59
Level_4,25_34,L8_L9,student,723
Level_4,25_34,L8_L9,unemployed,17584
Level_4,25_34,L8_L9,employed,175479
Level_4,25_34,L8_L9,retired,48
Level_4,25_34,L10_L11,student,386
Level_4,25_34,L10_L11,unemployed,11188
Level_4,25_34,L10_L11,employed,103249
Level_4,25_34,L10_L11,retired,29
Level_4,25_34,L12,student,1707
Level_4,25_34,L12,unemployed,41902
Level_4,25_34,L12,employed,182777
Level_4,25_34,L12,retired,43
Level_4,25_34,L13,student,1250
Level_4,25_34,L13,unemployed,32563
Level_4,25_34,L13,employed,124720
Level_4,25_34,L13,retired,41
Level_4,25_34,L14,student,2949
Level_4,25_34,L14,unemployed,100744
Level_4,25_34,L14,employed,0
Level_4,25_34,L14,retired,147
Level_4,35_49,L1_L3,student,2945
Level_4,35_49,L1_L3,unemployed,76349
Level_4,35_49,L1_L3,employed,1467762
Level_4,35_49,L1_L3,retired,2041
Level_4,35_49,L4_L6,student,3817
Level_4,35_49,L4_L6,unemployed,115671
Level_4,35_49,L4_L6,employed,1557987
Level_4,35_49,L4_L6,retired,2369
Level_4,35_49,L7,student,1939
Level_4,35_49,L7,unemployed,57738
Level_4,35_49,L7,employed,390823
Level_4,35_49,L7,retired,647
Level_4,35_49,L8_L9,student,1438
Level_4,35_49,L8_L9,unemployed,41926
Level_4,35_49,L8_L9,employed,390535
Level_4,35_49,L8_L9,retired,459
Level_4,35_49,L10_L11,student,371
Level_4,35_49,L10_L11,unemployed,16396
Level_4,35_49,L10_L11,employed,126130
Level_4,35_49,L10_L11,retired,155
Level_4,35_49,L12,student,1367
Level_4,35_49,L12,unemployed,48330
Level_4,35_49,L12,employed,195389
Level_4,35_49,L12,retired,289
Level_4,35_49,L13,student,909
Level_4,35_49,L13,unemployed,36379
Level_4,35_49,L13,employed,141470
Level_4,35_49,L13,retired,206
Level_4,35_49,L14,student,2398
Level_4,35_49,L14,unemployed,123209
Level_4,35_49,L14,employed,0
Level_4,35_49,L14,retired,666
Level_4,50_64,L1_L3,student,1823
Level_4,50_64,L1_L3,unemployed,63127
Level_4,50_64,L1_L3,employed,848588
Level_4,50_64,L1_L3,retired,138396
Level_4,50_64,L4_L6,student,2373
Level_4,50_64,L4_L6,unemployed,100553
Level_4,50_64,L4_L6,employed,941962
Level_4,50_64,L4_L6,retired,163368
Level_4,50_64,L7,student,889
Level_4,50_64,L7,unemployed,42006
Level_4,50_64,L7,employed,234120
Level_4,50_64,L7,retired,34372
Level_4,50_64,L8_L9,student,951
Level_4,50_64,L8_L9,unemployed,41995
Level_4,50_64,L8_L9,employed,313127
Level_4,50_64,L8_L9,retired,23709
Level_4,50_64,L10_L11,student,151
Level_4,50_64,L10_L11,unemployed,14806
Level_4,50_64,L10_L11,employed,80435
Level_4,50_64,L10_L11,retired,9541
Level_4,50_64,L12,student,606
Level_4,50_64,L12,unemployed,38226
Level_4,50_64,L12,employed,144599
Level_4,50_64,L12,retired,14881
Level_4,50_64,L13,student,355
Level_4,50_64,L13,unemployed,27818
Level_4,50_64,L13,employed,95020
Level_4,50_64,L13,retired,8945
Level_4,50_64,L14,student,569
Level_4,50_64,L14,unemployed,80497
Level_4,50_64,L14,employed,0
Level_4,50_64,L14,retired,15853
Level_4,65+,L1_L3,student,456
Level_4,65+,L1_L3,unemployed,11959
Level_4,65+,L1_L3,employed,110970
Level_4,65+,L1_L3,retired,571331
Level_4,65+,L4_L6,student,509
Level_4,65+,L4_L6,unemployed,22550
Level_4,65+,L4_L6,employed,104787
Level_4,65+,L4_L6,retired,798928
Level_4,65+,L7,student,101
Level_4,65+,L7,unemployed,5996
Level_4,65+,L7,employed,26338
Level_4,65+,L7,retired,137869
Level_4,65+,L8_L9,student,217
Level_4,65+,L8_L9,unemployed,9067
Level_4,65+,L8_L9,employed,78183
Level_4,65+,L8_L9,retired,146840
Level_4,65+,L10_L11,student,18
Level_4,65+,L10_L11,unemployed,2120
Level_4,65+,L10_L11,employed,8088
Level_4,65+,L10_L11,retired,50999
Level_4,65+,L12,student,46
Level_4,65+,L12,unemployed,4576
Level_4,65+,L12,employed,21239
Level_4,65+,L12,retired,74387
Level_4,65+,L13,student,20
Level_4,65+,L13,unemployed,3429
Level_4,65+,L13,employed,14898
Level_4,65+,L13,retired,49057
Level_4,65+,L14,student,90
Level_4,65+,L14,unemployed,13737
Level_4,65+,L14,employed,0
Level_4,65+,L14,retired,122715
Other,16_24,L1_L3,student,48
Other,16_24,L1_L3,unemployed,451
Other,16_24,L1_L3,employed,6417
Other,16_24,L1_L3,retired,2
Other,16_24,L4_L6,student,79
Other,16_24,L4_L6,unemployed,1803
Other,16_24,L4_L6,employed,20672
Other,16_24,L4_L6,retired,13
Other,16_24,L7,student,187
Other,16_24,L7,unemployed,4141
Other,16_24,L7,employed,36310
Other,16_24,L7,retired,14
Other,16_24,L8_L9,student,98
Other,16_24,L8_L9,unemployed,2224
Other,16_24,L8_L9,employed,19970
Other,16_24,L8_L9,retired,18
Other,16_24,L10_L11,student,106
Other,16_24,L10_L11,unemployed,2360
Other,16_24,L10_L11,employed,26817
Other,16_24,L10_L11,retired,8
Other,16_24,L12,student,260
Other,16_24,L12,unemployed,6209
Other,16_24,L12,employed,31542
Other,16_24,L12,retired,13
Other,16_24,L13,student,423
Other,16_24,L13,unemployed,9845
Other,16_24,L13,employed,44462
Other,16_24,L13,retired,26
Other,16_24,L14,student,1265
Other,16_24,L14,unemployed,21357
Other,16_24,L14,employed,0
Other,16_24,L14,retired,65
Other,25_34,L1_L3,student,67
Other,25_34,L1_L3,unemployed,1328
Other,25_34,L1_L3,employed,18198
Other,25_34,L1_L3,retired,9
Other,25_34,L4_L6,student,136
Other,25_34,L4_L6,unemployed,5104
Other,25_34,L4_L6,employed,45529
Other,25_34,L4_L6,retired,26
Other,25_34,L7,student,178
Other,25_34,L7,unemployed,7082
Other,25_34,L7,employed,38952
Other,25_34,L7,retired,29
Other,25_34,L8_L9,student,164
Other,25_34,L8_L9,unemployed,7911
Other,25_34,L8_L9,employed,67123
Other,25_34,L8_L9,retired,57
Other,25_34,L10_L11,student,130
Other,25_34,L10_L11,unemployed,5338
Other,25_34,L10_L11,employed,39740
Other,25_34,L10_L11,retired,30
Other,25_34,L12,student,294
Other,25_34,L12,unemployed,14042
Other,25_34,L12,employed,47818
Other,25_34,L12,retired,43
Other,25_34,L13,student,354
Other,25_34,L13,unemployed,18755
Other,25_34,L13,employed,72963
Other,25_34,L13,retired,65
Other,25_34,L14,student,973
Other,25_34,L14,unemployed,36844
Other,25_34,L14,employed,0
Other,25_34,L14,retired,84
Other,35_49,L1_L3,student,47
Other,35_49,L1_L3,unemployed,2441
Other,35_49,L1_L3,employed,29802
Other,35_49,L1_L3,retired,61
Other,35_49,L4_L6,student,162
Other,35_49,L4_L6,unemployed,7709
Other,35_49,L4_L6,employed,60081
Other,35_49,L4_L6,retired,121
Other,35_49,L7,student,150
Other,35_49,L7,unemployed,7490
Other,35_49,L7,employed,40155
Other,35_49,L7,retired,104
Other,35_49,L8_L9,student,206
Other,35_49,L8_L9,unemployed,16194
Other,35_49,L8_L9,employed,123068
Other,35_49,L8_L9,retired,179
Other,35_49,L10_L11,student,79
Other,35_49,L10_L11,unemployed,8180
Other,35_49,L10_L11,employed,54811
Other,35_49,L10_L11,retired,96
Other,35_49,L12,student,235
Other,35_49,L12,unemployed,16181
Other,35_49,L12,employed,60489
Other,35_49,L12,retired,113
Other,35_49,L13,student,373
Other,35_49,L13,unemployed,25630
Other,35_49,L13,employed,106839
Other,35_49,L13,retired,213
Other,35_49,L14,student,1092
Other,35_49,L14,unemployed,46537
Other,35_49,L14,employed,0
Other,35_49,L14,retired,328
Other,50_64,L1_L3,student,51
Other,50_64,L1_L3,unemployed,4309
Other,50_64,L1_L3,employed,41692
Other,50_64,L1_L3,retired,5870
Other,50_64,L4_L6,student,86
Other,50_64,L4_L6,unemployed,12647
Other,50_64,L4_L6,employed,81245
Other,50_64,L4_L6,retired,12076
Other,50_64,L7,student,61
Other,50_64,L7,unemployed,12176
Other,50_64,L7,employed,56588
Other,50_64,L7,retired,11606
Other,50_64,L8_L9,student,153
Other,50_64,L8_L9,unemployed,28578
Other,50_64,L8_L9,employed,163919
Other,50_64,L8_L9,retired,9402
Other,50_64,L10_L11,student,48
Other,50_64,L10_L11,unemployed,14145
Other,50_64,L10_L11,employed,68032
Other,50_64,L10_L11,retired,10605
Other,50_64,L12,student,88
Other,50_64,L12,unemployed,24853
Other,50_64,L12,employed,80813
Other,50_64,L12,retired,9527
Other,50_64,L13,student,127
Other,50_64,L13,unemployed,36341
Other,50_64,L13,employed,123951
Other,50_64,L13,retired,11119
Other,50_64,L14,student,254
Other,50_64,L14,unemployed,41928
Other,50_64,L14,employed,0
Other,50_64,L14,retired,7535
Other,65+,L1_L3,student,14
Other,65+,L1_L3,unemployed,1895
Other,65+,L1_L3,employed,10059
Other,65+,L1_L3,retired,79243
Other,65+,L4_L6,student,35
Other,65+,L4_L6,unemployed,5794
Other,65+,L4_L6,employed,17468
Other,65+,L4_L6,retired,183730
Other,65+,L7,student,14
Other,65+,L7,unemployed,5619
Other,65+,L7,employed,11859
Other,65+,L7,retired,166854
Other,65+,L8_L9,student,41
Other,65+,L8_L9,unemployed,9212
Other,65+,L8_L9,employed,50398
Other,65+,L8_L9,retired,193600
Other,65+,L10_L11,student,16
Other,65+,L10_L11,unemployed,4296
Other,65+,L10_L11,employed,11907
Other,65+,L10_L11,retired,154435
Other,65+,L12,student,19
Other,65+,L12,unemployed,6598
Other,65+,L12,employed,17616
Other,65+,L12,retired,155660
Other,65+,L13,student,21
Other,65+,L13,unemployed,8459
Other,65+,L13,employed,24410
Other,65+,L13,retired,187398
Other,65+,L14,student,39
Other,65+,L14,unemployed,11204
Other,65+,L14,employed,0
Other,65+,L14,retired,156160
